"Trigo é o vilão dos alimentos! Elimine cerveja, pães e massas da dieta e perca 30 kg em seis aham, ta",saude
@crismunari @avila_rodrigo @AndersonVanigli como economista ela compra cerveja artesanal pra não pagar o IPI.. é um cara sábio!!,economia
RT @dalecabus: Sommelier de promoção de cerveja,conhecimento
"Pra cada homem que nascesse deveria ser feita uma festa com a seguinte tradição, a criança deveria tomar cerveja e comer bacon.",comportamento
"Tomo uma long neck todo dia! ??RT@VoceNaoSabiaQ: Beber cerveja diariamente reduz 31% do risco de doença cardíaca, dizem pesquisadores.",saude
RT @leoradiofobia: A única coisa de bom que aconteceu graças à Copa até o momento foi o adiamento do aumento do imposto da cerveja.,economia
Pesquisa aponta que doses moderadas de cerveja favorecem a saúde: <a target_blank hrefhttp://t.co/5ub9v2CQ>http://t.co/5ub9v2CQ</a>,saude
"Ahh para vai #Dislike @Estadao Alta da cerveja e outras bebidas ajuda a reduzir número de mortes, aponta estudo",responsavel
"Cerveja eleva o colesterol benéfico no sangue, diz pesquisa americana <a target_blank hrefhttp://t.co/ffHcxkLlkl>http://t.co/ffHcxkLlkl</a>",saude
"cervejarias pequenas e médias vão sofrer forte impacto com o aumento do imposto CARALHO MEXEU COM O PREÇO DA CERVEJA, MEXEU COMIGO",economia
RT @VirgemMarina: Acabou protesto sério? Já podemos ir as ruas pedir menos imposto pra cerveja?,economia
Harmonização de cerveja no Quiota Cozinha Contemporânea <a target_blank hrefhttp://t.co/AYFLql0dV4>http://t.co/AYFLql0dV4</a>,conhecimento
Beba uma cerveja hoje. Você estará fazendo um bem para o meio-ambiente!  Sabe o por quê? > http://bit.ly/19XBKTJ,ambiente
Estudo mostra que as pessoas falam mais sobre igreja do que sobre cerveja no Twitter <a target_blank hrefhttp://t.co/fTyLA2pp>http://t.co/fTyLA2pp</a>,comportamento
Café reforçado pra começar o curso de cerveja artesanal de hoje! <a target_blank hrefhttp://t.co/L9GzO3Ur1I>http://t.co/L9GzO3Ur1I</a>,conhecimento
"Como atitude populista #Dilma tem o #bolsafamilia o gov. inglês baixa o imposto sobre #bingo, #cerveja e #whisk. #politicoehtudoigual",economia
RT @MCguime10000: Operários são resgatados de trabalho escravo em fábrica de cerveja em MG,economia
#oldbutgold: 961 Beer: cerveja artesanal do... <a target_blank hrefhttp://t.co/ErDZsIyGJx>http://t.co/ErDZsIyGJx</a>,conhecimento
A próxima geração de celulares vai vir com fotos de cerveja importada na memória pra você postar na internet toda hora.,comportamento
Gostaria de abrir um DEBATE. O que foi mais importante para a história da humanidade: A PENICILINA ou A CERVEJA?,conhecimento
@meioemensagem Cerveja é um produto perigoso. Engorda. Não faz bem à saúde. Pode ser o começo de bebedeiras. Infelicita lares. #Marcas,saude
Amanha vai ter corrida da cerveja?????,comportamento
Cerveja artesanal dubbel com rapadura. craftbeer - dubbel brewed with rapadura. <a target_blank hrefhttp://t.co/5yQAcGmip1>http://t.co/5yQAcGmip1</a>,conhecimento
Exposição Cervejas do Mundo -  A História da Cerveja - Diamond Mall em 31-07-2013,conhecimento
Fotos da Linha do tempo - Báixa O Imposto Da Cerveja ja,economia
"@Estadao: Cerveja Timão? Para celebrar título do Corinthians, cervejeiro caseiro cria receita",conhecimento
"Gov. Aumenta imposto da cerveja por causa da energia! Se eu beber cerveja gelada, pago dobrado? @silvioluiz @Benja97 @mano97fm @domenico97fm",economia
O anúncio de cerveja mais emocionante da história (vídeo) <a target_blank hrefhttp://t.co/CXNa9fUpDJ>http://t.co/CXNa9fUpDJ</a>,comportamento
@bernardopombo @edmacieldesa perguntando sobre cerveja artesanal,conhecimento
da oficina de reciclagem hoje: florzinhas de caixa de ovo e vasinhos de garrafa de cerveja @ UFCA -… http://instagram.com/p/sS6Jy3RJbm/ ,ambiente
RT @TerraNoticiasBR: Imposto sobre cerveja e refrigerante subirá mais uma vez... <a target_blank hrefhttp://t.co/5s3M04JOJU>http://t.co/5s3M04JOJU</a>,economia
"Para ajudar as vítimas da tempestade Sandy, cervejaria tranforma suas latas de cerveja em latas de água -",ambiente
Cerveja artesanal ganha cada vez mais espaço no mercado brasileiro - Marca friburguense investe em novos sabores para conquistar clientes exigentes.,economia
"Parece que eu tava tomando cerveja preta mas era Pale Ale, ta? UHAHUAU",conhecimento
Uma ótima forma de reciclagem para admiradores de cerveja!!! Curta nossas imagens no Facebook:,ambiente
"Cerveja após exercícios hidrata mais do que água, aponta estudo. <a target_blank hrefhttp://t.co/g40dDUtt>http://t.co/g40dDUtt</a> ah se a moda pega",saude
Receita revisa para cima impacto do aumento no imposto da cerveja:  <a target_blank hrefhttp://t.co/OdQpiBJgx6>http://t.co/OdQpiBJgx6</a>,economia
"RT @CaioCorraini: VÉI, NA BOA RT @RBA_Noticias Cerveja sem álcool passa no teste do bafômetro? Nossa equipe fez a prova e você confere daqui a pouco.",responsavel
"Musa da cerveja sem álcool Brahma 0,0%, Sabrina Sato se engajou na campanha de consumo responsável da… http://instagram.com/p/o8Z3AKhG-S/",responsavel
"Você compra 33,99 em cerveja dos quais 23,87 são imposto. Triste demais...",economia
"Cerveja não engorda e faz bem à saúde, dizem estudos <a target_blank hrefhttp://t.co/Vvq5HIym>http://t.co/Vvq5HIym</a> via @Bayeux Em Foco",saude
SLU recolhe cerca de 700 quilos de lixo após Corrida da Cerveja no DF <a target_blank hrefhttp://t.co/pcJ9xxnA>http://t.co/pcJ9xxnA</a>,comportamento
Sustentabilidade cervejeira: Resíduos da fabricação geram biocombustível. #cerveja #cerveza #beer,ambiente
Produção de cerveja atinge novo recorde <a target_blank hrefhttp://t.co/dhtUffKA>http://t.co/dhtUffKA</a>,economia
"RT @DayCosta2: cara, a receita da risada é simples: cerveja de garrafa, copo americano e tres bons amigos @IslaviiaMont  @AmaandaSantos_ ...",comportamento
Cerveja ta virando bebida de milionário @folha_mercado: Indústria avisa Mantega que repassará alta de imposto da bebida ao consumidor.,economia
"Cerveja é para todo mundo, menos para os menores de 18 anos. #movimentoID http://migre.me/dDLHZ",responsavel
Aplicativo vai estimular consumo responsável de cerveja: A novidade está disponível para iPhone e Android http://bit.ly/103pQor,responsavel
Hoje tem jogo do Brasil.  Não esqueçam de reciclarem as latinhas de cerveja e refrigerantes para garantir a sustentabilidade.,ambiente
Puro malte para acompanhar a partida.<br /> #cerveja #puromalte,comportamento
Consumo moderado de cerveja pode trazer benefícios à saúde feminina / Quanto é moderado?,saude
Os prós e contras da venda de uma microcervejaria,economia
Festa da cerveja artesanal<br /> 3 uaiktoberfest<br /> Nova Lima,conhecimento
"ontem foi foda, bebemos cerveja artesanal, dps fomos pro bar ver o jogo, é mt bom sair com os amigos mais proximos, pqp, tava com saudade",comportamento
Uma breve história da cerveja <a target_blank hrefhttp://t.co/9LltxAKF0R>http://t.co/9LltxAKF0R</a>,conhecimento
RT @polemiquinho: cerveja imposto devia é ser 100% (pra educação),economia
RT @chinisalada: aqueles cara que vão servir cerveja e mandam inclinar mais o copo com tom condescendente se achando mestre cervejeiro boêm?,conhecimento
RECICLAGEM - Garrafa de cerveja vazia pode ser tocada como um vinil http://shar.es/kA72o  via @sharethis,ambiente
Ontem eu perdi a Corrida da Cerveja!!!!!!!!!!!!!!! eu não me perdoarei nunca por isso ! ahhhhhhhhhhhhh!!!!!!!!!,comportamento
Cerveja tem ação anti-inflamatória veja benefícios<br /> <a target_blank hrefhttp://t.co/mP7xu8NE>http://t.co/mP7xu8NE</a>,saude
"Vândalos, não esquecem que vão pagar o prejuizo, com imposto,na merda no arroz com feijão e na linguiça com cerveja dos domigos",economia
"Cerveja deixa homens mais inteligentes, diz pesquisa - Depois do leite com uréia, cerveja agora é no café da manhã. - exame.abril.com.br",saude
Uma paixão chamada cerveja e a - inesperada  - crise do milho! http://www.cartacapital.com.br/sustentabilidade/uma-paixao-chamada-cerveja-5345.html … via @cartacapital,ambiente
"RT @rodrigomesb: Por isso eu bebo cerveja, gelo só ta fazendo mal a saúde.",saude
RT @folha_com: Americano vira bilionário fazendo cerveja artesanal. <a target_blank hrefhttp://t.co/Sm13k8nvQj>http://t.co/Sm13k8nvQj</a>,economia
 Artista usa latas de refrigerante e cerveja como telas! | #cerveja #criatividade #reciclagem http://fb.me/1RuaGIJvf,ambiente
RT @surra: @davidbutter @JornalOGlobo governo vai aumentar imposto sobre cerveja e cosméticos. prevejo diminuição da taxa de natalidade.,economia
"erveja deixa homens mais inteligentes, diz estudo. #MUITOinteressante",saude
"Todo mundo bafento no Carnaval, pois o bafômetro acusou mais álcool num enxaguante bucal do que num copo de cerveja.",responsavel
Hj é o dia do meio ambiente e ganhei una mudinha de alecrim da Heineken Brasil! http://instagram.com/p/aLhEuHRIeQ/,ambiente
Ação da Agricultura reacende debate sobre venda de cerveja caseira,economia
"Na dose certa, a cerveja pode trazer benefícios à saúde <a target_blank hrefhttp://t.co/Zqo0e6eg>http://t.co/Zqo0e6eg</a>",saude
Fotos de Neli Gomes - olha ai gente eu bebo a cerveja e faço flores com a latinha. isso é que é reciclagem kkk,ambiente
E aí? Vamos? :-) I FESTIVAL DE CERVEJA ARTESANAL DA ACERVA BAIANA <a target_blank hrefhttp://t.co/x48cLVEj>http://t.co/x48cLVEj</a>,comportamento
Reciclagem e cerveja: Aprenda a fazer um plantador com garrafas de cerveja.  http://ueba.me/L544721,ambiente
Ecologicamente correto esvaziando latinhas de cerveja para cooperar com a reciclagem.,ambiente
"RT @diogo_abdalla: Metade dos meus amigos virou sommelier de cerveja, a outra metade produtor artesanal de cerveja",comportamento
O problema dessa pesquisa é que a cerveja não termina apenas em um copo. <a target_blank hrefhttp://t.co/QjAXwefYtv>http://t.co/QjAXwefYtv</a>,responsavel
Alguém ai por acaso sabe de alguma agência de turismo confiável que faça excursão para oktoberfest com cerveja incluso no onibus?,comportamento
RT @Gedir: Aumentou o imposto sobre a cerveja. Governo inocente. Sabe de nada...,economia
Motivo #4 - Você não poderá mais estourar champanhe para comemorar o réveillon em local público #splivre,comportamento
Curso online e gratuito sobre cerveja <a target_blank hrefhttp://t.co/TsrVIswFEN>http://t.co/TsrVIswFEN</a> #blogdojsilva,conhecimento
Rio grande do sul a tradição não é mais chimarrão é cerveja!!!,comportamento
"Desejamos à todos muito bumbo, cerveja & carnaval! Brinquem com responsabilidade! #BlocoDoChaco2015 #Carnaval... http://fb.me/7penIEOWq",responsavel
"A cerveja preferida do Aecio,FHC, Richa,Serra e Alckmin Passam batido pelo bafômetro. É #supostacerveja",responsavel
"A verdade é que TRINTA DOSES de vodka botariam um urso para hibernar. Eu, que bebo cerveja moderadamente, não... http://fb.me/2XgonlHKU",responsavel
Fotos do mural - Bares de SP fazem aula de degustação de cerveja. <a target_blank hrefhttp://bit.ly/NHyhiK>http://bit.ly/NHyhiK</a>,conhecimento
Reutilização : Vidro - Reciclagem... Lustre de Garrafas de Cerveja. <br /> O vidro demoraria 1.000.000 de Anos para se Decompor ...,ambiente
RT @g1: Cervejaria americana cria cerveja em homenagem ao fim do mundo <a target_blank hrefhttp://t.co/GttYQtOk>http://t.co/GttYQtOk</a>,conhecimento
Essa sensação de tomar cerveja sem álcool desconfiando que vai ser pego no bafômetro......,responsavel
"RT @cultzone: @PensadorDeBar, vamos fazer um tuitaço aí contra o imposto da cerveja... Cadê o pão circo agora?",economia
Tributação da cerveja prejudica produtores artesanais <a target_blank hrefhttp://t.co/EwNEHz2Xlq>http://t.co/EwNEHz2Xlq</a> via @JC_RS,economia
Definidos os estilos do VIII Concurso Nacional de Cerveja Artesanal - #old <a target_blank hrefhttp://t.co/92elJnA1>http://t.co/92elJnA1</a>,conhecimento
Fotos do mural - Tathiane Marques Santiago veja essa receita! Parece ser bom!! - Brigadeiro de cerveja!!!,conhecimento
Opa!!! RT@dconline: Consumo moderado de cerveja pode trazer benefícios à saúde feminina,saude
Ministro da Saúde defende maior restrição à publicidade de cerveja <a target_blank hrefhttp://t.co/00olpPmgMB>http://t.co/00olpPmgMB</a>,comportamento
Pesquisa aponta relação entre futebol e cerveja <a target_blank hrefhttp://t.co/91GnZdOYge>http://t.co/91GnZdOYge</a>,comportamento
"@MarceloRichterM no Grogan, alí perto da Cristóvão. Cerveja artesanal liberada. Das 18h às 20, 20 pila. Ate às 22h, 40.",conhecimento
"Vc percebe que as cervejas pilsen nacionais são um lixo, principalmente as em lata, quando compra cerveja importada. Que merda, Ambev.",comportamento
"RT @VoceNaoSabiaQ: Passar cerveja no cabelo o deixa mais sedoso e brilhante, aponta estudo.",saude
Fabricante de selins Brooks lança cerveja artesanal para bikers: <a target_blank hrefhttp://t.co/wbOvckvUjS>http://t.co/wbOvckvUjS</a>,conhecimento
A favor da sustentabilidade ! #beer #cerveja #instabeer http://instagram.com/p/hoTTYBl0Wb/,ambiente
Cerveja é desenvolvida com barba de mestre cervejeiro <a target_blank hrefhttp://t.co/LXR6bZZJ>http://t.co/LXR6bZZJ</a> - via @ClickSergipe,conhecimento
Cerveja de inverno @ Vila St. Gallen - Cervejaria Sankt Gallen <a target_blank hrefhttp://t.co/0F7B3tpwfV>http://t.co/0F7B3tpwfV</a>,conhecimento
"Ambev, Easy Taxi e Visa firmam parceria inédita em prol do consumo responsável de bebidas... http://fb.me/3BT1Hcd1s",responsavel
RT @diarioonline: Sobe imposto da cerveja pela 2ª vez em menos de um mês <a target_blank hrefhttp://t.co/IAa0caZyOe>http://t.co/IAa0caZyOe</a>,economia
Degustação de Cerveja RT @patrimm: @Escritor4 @M100Globope @RadioRockPuro @EduPavao alguem arruma um álibi pro  vir a SP? É urgente,conhecimento
"Brasil só se preocupa com FUTEBOL, CERVEJA E CARNAVAL ... enquanto a saúde, educação e segurança está uma MERDA!",comportamento
"Estudo aponta que cada cerveja tomada, tira 7 minutos de vida pelos meus calculos morri em setembro de 1998.",saude
Acabei de ser parada numa blitz da Lei Seca e o resultado do teste do bafômetro foi que estou precisando urgente de uma cerveja.,responsavel
"Economia - Tributação sobre a cerveja subirá menos em outubro, diz Receita <a target_blank hrefhttp://t.co/YJ4XtqWD>http://t.co/YJ4XtqWD</a> vía @g1",economia
RT @nesleykent: qnt vcs discutem sobre feminismo no facebook o governo subiu o imposto da cerveja,economia
Lata de sardinha tbem é peixe viu @rogerioveronez junte as de cerveja e aumente a reciclagem :)  #Beertime,ambiente
RT @legalizandra: se cerveja emagrecesse eu ia viver nessa dieta,saude
"Biologia, história antiga, mecânica quântica, cerveja de boteco e a flora da Mata Atlântica",comportamento
RT @g1economia: Receita diz que aumento da cerveja será maior que o anunciado <a target_blank hrefhttp://t.co/3xGMjhdgAl>http://t.co/3xGMjhdgAl</a>,economia
"Só não teria ninguém pra beber.. RT @interessante: No caso de um holocausto nuclear, a cerveja não estragaria,  aponta pesquisa.",saude
Rio do Piauí é poluído com substância de cerveja e Agespisa reduz produção <a target_blank hrefhttp://t.co/my5HHRGfnn>http://t.co/my5HHRGfnn</a>,ambiente
"Bavária, cerveja, salsichão, Oktoberfest, etc e tal. Viva a Alemanha......",comportamento
"Boa tarde, já rolou corrida na praia e malhação, lanche, repouso e agora vai rolar almoço e cerveja pro jogo do Mengão!!!",comportamento
"DESTAKNEWS  ITAPECERICA-MG.: Tributação sobre a cerveja subirá menos em outubro, diz Receita - destaknews.blogspot.com",economia
Degustação Wäls . #wals #beer #breja #cerveja @ Vino! São Paulo <a target_blank hrefhttp://t.co/WSRRLDZ2bA>http://t.co/WSRRLDZ2bA</a>,conhecimento
"Reciclagem caseira,  garafa pet de agua vira irrigador, garafas de cerveja viram separadores de… http://instagram.com/p/tVYJpUlF9g/",ambiente
"BUENA ONDA,  a cerveja artesanal do Thiago García!! Bem geladinha, aprovadíssima",conhecimento
"#Mundo Jovem - olha o q a latinha de cerveja vira? - Bicicleta ReCycle, feita com latinhas recicladas de alumínio<br />  <br />  (Foto: KickStarter)",ambiente
Aaaiii Gente passando o Oktoberfest na tv e eu aki nessa miséria de Pg pqp haha eu keria estar lá numa piscina de cerveja hahahaha,comportamento
"Usar lata de cerveja pra tomar terere não é pobreza, é sustentabilidade. Hahahaha http://instagram.com/p/jCeoniyg3-/",ambiente
Experimentando cerveja artesanal patense. @ Casa Grande - Cervejas Especiais <a target_blank hrefhttp://t.co/gQUJZbQLnA>http://t.co/gQUJZbQLnA</a>,conhecimento
"tava morrendo de fome, e ainda demoraram com a pizza, e o assunto da mesa era enem, depois cerveja, depois reciclagem, muito interessante",ambiente
Tomar cerveja todos os dias faz bem à saúde do coração <a target_blank hrefhttp://t.co/zKV6dJe8>http://t.co/zKV6dJe8</a> via @VEJA,saude
Produção de hoje: Brinquedo! Panelinhas feitas de latinhas de cerveja. Hehehe #Projeto #Reciclagem… http://instagram.com/p/dklWwOIpAg/,ambiente
Cerveja faz bem ao coração.O HCor e a SBC estão em pesquisa para enquadrar a cerveja no mesmo patamar do vinho,saude
"@Estadao: Alta da cerveja e bebidas ajuda a reduzir número de mortes, estudo",responsavel
mesmo chovendo a saída hoje foi nota 10<br /> cerveja importada..<br /> brothers...<br /> violão...<br /> top,comportamento
Fotos de Alexandre Chaves - Vamos acabar com o imposto da cerveja já!! - #obebumacordou,economia
Fotos da Linha do tempo - Aproveite e aprenda a fazer sua cerveja com a Paton Cervejaria Artesanal,conhecimento
"Sabe a chapinha da cerveja? Virou árvore de Natal! É bem na frente da quadra do Salgueiro, na cidade do Rio, que...",ambiente
RT @Lujancolorado: @Estadao: Cerveja feita com formiga tem receita na internet: <a target_blank hrefhttp://t.co/rpfIT23sQI>http://t.co/rpfIT23sQI</a>,conhecimento
"RT @revistasuper: Cerveja faz bem para os ossos, diz estudo: <a target_blank hrefhttp://t.co/R2nBVSPl>http://t.co/R2nBVSPl</a>",saude
Confira os benefícios do consumo de cerveja para corredores <a target_blank hrefhttp://t.co/aMXwEpu4>http://t.co/aMXwEpu4</a>,saude
o segredo está em beber cerveja moderadamente e eu bebo moderadamente todo dia,responsavel
"Cerveja é diva, água segunda opção! @Desconhecidos__: A cerveja traz mais benefícios à saúde que a água.",saude
"Produção de cerveja cresce 11,6% no 1º semestre, e preço sobe 3%:  <a target_blank hrefhttp://t.co/ZRtneCz8A2>http://t.co/ZRtneCz8A2</a>",economia
Fotos do mural - Criatividade fodassa...<br />  - Reciclagem & Criatividade<br />  <br />  Latas de cerveja e refrigerante viram arte!!,ambiente
"Foto: Slow Brew Brasil “Beba devagar, beba melhor”, produzir a cerveja sem prejudicar o meio ambiente e... http://tmblr.co/Zh5Gcw1VRddP4",ambiente
Cada vez mais eu acho que sou um homem ?@interessante: Estudo comprova que cerveja é a bebida favorita dos homens. #MUITOinteressante?,comportamento
Reciclagem com latinha de cerveja | Reciclagem no Meio Ambiente http://fb.me/1nxSit3Gb,ambiente
"A cerveja sem álcool pode ter um teor alcoolico que, inclusive, é registrado no bafômetro. Saiba mais no JA 1ª Edição, a partir de meio-dia.",responsavel
"NÃO VAI TER OLIMPÍADAS RT @JornalOGlobo Mesmo com aumento de imposto adiado, preço da cerveja sobe o dobro da inflação.",economia
RT @legalizandra: essas dieta que manda cortar cerveja acaba com a vida do ser humano,saude
"RT @jorgelordello: QUEM NAO DEVE NAO TEME, então por que recusar o teste do Bafômetro se motorista alega q bebeu apenas 1 copo de cerveja? Opine",responsavel
Partiu Oktoberfest Blumenau 2013!!! #cerveja #cerveja #loiras #chucrute,comportamento
"vcs acham que beber cerveja é legal mas o teste pra saber se vcs beberam se chama teste do BAFÔMETRO, reflitam",responsavel
"CERVEJA ALEMÃ + CANÉCA 1L KAISERDON 1L DA OKTOBERFEST <br /> <br /> 46,00",comportamento
"Mulheres que não gostam de cerveja, transam mal diz pesquisa Beerbongtv",comportamento
O Lollapalooza 2014 para o rock é a mesma coisa que uma Oktoberfest sem cerveja.,comportamento
"Menores de idade que consomem álcool preferem cerveja, mostra pesquisa <a target_blank hrefhttp://t.co/vVSmeKfoUp>http://t.co/vVSmeKfoUp</a>",responsavel
"Tá na hora do almoço, mas tô bebendo cerveja de café da manhã. Saúde me mandou um beijo.",comportamento
E o sorvete de cerveja da @skolweb pega no bafômetro? Dúvidas de uma pessoa que não bebe.,responsavel
Cervejaria vai indicar graduação alcoólica de cerveja sem álcool <a target_blank hrefhttp://t.co/DMlg1Q3B>http://t.co/DMlg1Q3B</a> via @PortalMigalhas,responsavel
no primeiro dia vou numa cervejaria artesanal que tem até cerveja/chopp de açaí e bolinho de pato com tucupi.,comportamento
"RT @Ricamconsult: Há 4 anos, era a volta da CPMF. Agora, é o imposto da cerveja. <a target_blank hrefhttp://t.co/yoTrB8PfSp>http://t.co/yoTrB8PfSp</a>",economia
Copa do Mundo eleva produção de cerveja em 12%:  <a target_blank hrefhttp://t.co/FCpM5kixpA>http://t.co/FCpM5kixpA</a>,economia
Falke Bier Ouro Preto e gorgonzola artesanal,conhecimento
Motorista embriagado atinge motociclista gravemente e não faz bafômetro mesmo com cervej... http://ift.tt/1xQSTJt  ,responsavel
Conhecem a #DortmundBier uma cerveja sustentável e econômica produzida em #Serra Negra ? Vale a pena uma visita,ambiente
"Anunciada a cervejaria do ano no Festival Brasileiro da Cerveja - Blumenau/SC: Bodebrown, de Curitiba (PR). Teremos que experimentar.",comportamento
"Cerveja nacional tem muito milho, afirma pesquisa da USP <a target_blank hrefhttp://t.co/1CnfLrfV>http://t.co/1CnfLrfV</a> via @folha_com",conhecimento
"Com amigos na degustação cerveja<br /> Luiz Artur Horta de Mendonça, Monica Ferreira F H Mendonca, Rosalva Barros, André Gil, Fábio Medeiros",conhecimento
"Do preço de um chopp, 62,2% são impostos. Na cerveja em lata ou em garrafa, o imposto chega a 55,6% do valor, conforme dados do IBPT.",economia
Cada gol da Alemanha valia uma rodada de cerveja grátis numa cervejaria no Rio de Janeiro. Certeza que a cervejaria faliu.,conhecimento
Festival Carioca da Cerveja Artesanal | Homini lupulo <a target_blank hrefhttp://t.co/rCtKzmm8>http://t.co/rCtKzmm8</a>,comportamento
sexta com happy hour no selviço??tasting de cerveja artesanal. meu trabalho é uma festa! \o/,comportamento
Fotos de Sandra Cardoso Bordados - fotos encontradas na internet de idéias para reciclagem...,ambiente
Produtores de cerveja dos EUA apostam em agricultura sustentável... <a target_blank hrefhttp://t.co/OTda0anhG4>http://t.co/OTda0anhG4</a>,ambiente
"Na nossa campanha para desestigmatizar o consumo responsável de cerveja, tudo o que não precisávamos era uma... http://fb.me/4wTHlwqIv",responsavel
Fábrica da #Eisenbahn #Oktoberfest #Blumenau #beer #cerveja <a target_blank hrefhttp://t.co/jP5GldLZZj>http://t.co/jP5GldLZZj</a>,comportamento
Destino Cervejeiro: Feijoada e cerveja artesanal na Irlanda? - Feijoada e cerveja artesanal na Irlanda. - www.destinocervejeiro.com,comportamento
RT @revistasuper: Teste seus conhecimentos sobre história da cerveja: <a target_blank hrefhttp://t.co/732sPak39o>http://t.co/732sPak39o</a>,conhecimento
Boate na Bélgica só libera o carro depois do bafômetro por Goronah:  <a target_blank hrefhttp://t.co/qb9bqu3lfw>http://t.co/qb9bqu3lfw</a>,responsavel
Toque de Copa do Mundo em casa. Reciclagem de garrafas de cerveja.... <a target_blank hrefhttp://t.co/ajzI47uygX>http://t.co/ajzI47uygX</a>,ambiente
"Quem bebe cerveja atrai mais pernilongos, aponta estudo  <a target_blank hrefhttp://t.co/ON3u7NZ22n>http://t.co/ON3u7NZ22n</a>",saude
?@RevistaEpoca: Governo aumenta imposto sobre cerveja <a target_blank hrefhttp://t.co/N2ApNpgJqU?>http://t.co/N2ApNpgJqU?</a> TT,economia
Australianos criam competição de barcos de latinhas de cerveja http://catr.ac/p515076  #sustentabilidade,ambiente
"RT @italoarcos: Quer ver jogo sentado?Vê na sua TV led c/tecnologia HD, c/cerveja importada e picanha maturada.Sério,é muito mais prazeroso.",comportamento
Recorri aos meus médicos de plantão e eles me receitaram cerveja,saude
"queima das fitas: a festividade que consome mais cerveja da europa. sim, mais que a oktoberfest. e eu estou aqui. morram de inveja, bjs.",comportamento
RT @VEJA: Cerveja artesanal custa até 800 dólares Conheça as mais caras <a target_blank hrefhttp://t.co/Hr5HtqnRK5>http://t.co/Hr5HtqnRK5</a>,conhecimento
Cervbrasil cria Programa de Consumo Responsável de cerveja http://ow.ly/u1OvF,responsavel
"Resíduos de cerveja, sucos e açúcar viram salgadinhos http://invertia.terra.com.br/sustentabilidade/noticias/0,,OI6277659-EI10411,00-Residuos+de+cerveja+sucos+e+acucar+viram+salgadinhos.html …",ambiente
"Cerveja faz bem pra saúde galera,mas quando bebida moderadamente e não em grande escala.",responsavel
segue estudo importante: Como a cerveja influenciou a evolução da civilização. <a target_blank hrefhttp://t.co/5RJLlvlow3>http://t.co/5RJLlvlow3</a>,conhecimento
Opa! @Estadao: Cervejaria cria máquina arcade que dá bebida para quem vencer jogo,comportamento
RT @Xauvinista: E ainda dizem que cerveja faz mal à saúde. Sou a prova viva e saudável que é mentira,saude
Está chegando o 2º Festival Carioca da Cerveja Artesanal - #old <a target_blank hrefhttp://t.co/perkyLdXVL>http://t.co/perkyLdXVL</a>,conhecimento
Festival carioca da cerveja artesanal! @ Festival Carioca de Cerveja Artesanal <a target_blank hrefhttp://t.co/7UkN5tXg>http://t.co/7UkN5tXg</a>,comportamento
@ambevbrasil Ideia: o MovimentoCYAN poderia conscientizar sobre a poluição dos mares no carnaval c/ suas latas de cerveja cc.: @LixoMarinho,ambiente
"?@erreoliveira: Latão de eisenbahn edição colecionável contando a história da cerveja por 2,50 &lt3? EU QUERO ?",conhecimento
amanhã tem corrida da cerveja! hahaha,comportamento
Não somos apenas uma fábrica de cerveja ou de carros. Venderam-nos como escravos e nós deixamos.,economia
Motivos para beber cerveja: 1-tomar cerveja moderadamente depois do exercício físico é tão eficiente quanto beber... http://fb.me/3PjJoqQnb,responsavel
@rede_globo cerveja tambem e droga se for conta a pesquisa certa da muito mais de quem ja esprimento  e cigarro então e e muito mais,responsavel
Passei no teste do bafômetro...deu positivo...mais de 3 mil de cascalho...lição aprendida...cerveja só em casa..:(,responsavel
"Hoje fui parado pela policia na lei seca e nao acusou nada, confesso que tomei uma cerveja, e nada.… http://instagram.com/p/zBsJy0lIf2/",responsavel
"Dia de brassar,  dia de mais um curso de produção de cerveja artesanal caseira,  dia de weizenbock,  dia de novos cervejeiros",conhecimento
Cervejaria utiliza madeira de reflorestamento no processo produtivo e estuda a implantação de fonte de energia.,ambiente
CONHEÇA 10 BENEFÍCIOS DA CERVEJA PARA O ORGANISMO | coisas pra ver: <a target_blank hrefhttp://t.co/2XIGHwifwP>http://t.co/2XIGHwifwP</a>,saude
"Instituto da Cerveja, Sinnatrah e Cervejaria Nacional se unem <a target_blank hrefhttp://t.co/BZpg5Xze2P>http://t.co/BZpg5Xze2P</a>",conhecimento
"pesquisa diz que a cerveja faz bem p coração vish, agr  mesmo que a macacada vai se entupir até o cérebro com cerveja pqp",saude
RT @mlmarinho: Todo mundo virou sommelier de cerveja.,comportamento
Estudo indica que gosto de cerveja libera dopamina no cérebro,saude
"Beber cerveja ajuda as pessoas a se manterem jovens, diz pesquisa - realmente, dirigindo bêbado e morrendo você nunca envelhece mesmo",saude
RT @diarioflamengo: Caiu por terra a história de que cerveja produz violência nos estádios.<br /> Quem produz violência nos estádios são cretinos.,comportamento
"Conheci a faculdade de Viticultura e Enologia (cerveja tb) da UC Davis. Edifício sustentável, tem reciclagem de chuva http://wineserver.ucdavis.edu/about",ambiente
"Quando alguém pede o RG para vender cerveja, garante o consumo responsável e ainda faz um elogio ao cliente. :-) ",responsavel
Acho q vou miar o cinema e fazer uma fábrica de cerveja Q TAL,economia
Degustação da três lobos. #degustação #coleção #cerveja #beer <a target_blank hrefhttp://t.co/CTETYGkHDf>http://t.co/CTETYGkHDf</a>,conhecimento
"RT @XandeCorneli: axo q já ta exagerado essa história do desafio da cerveja no Facebook. cara, tem loko de 13, 14 anos virando 1/2 litro de?",saude
RT @UOLEconomia: Cerveja espanhola Estrella Galicia terá fábrica no Brasil <a target_blank hrefhttp://t.co/7hg1zjrh>http://t.co/7hg1zjrh</a> #UOL,conhecimento
"@lolligomes pior que cerveja tem tantos benefícios, né? Ahuahauah <br /> To de boa de álcool.",saude
"Viu não fale mais de mim e da Priscila Hutzen dona Lisandra Pinheiro, ontem vc viu que cerveja faz bem pra saúde ahahahah",saude
RT @VEJA: RT @VEJA: Governo adia parte do aumento da tributação de cerveja <a target_blank hrefhttp://t.co/V7jZxCGs>http://t.co/V7jZxCGs</a>,economia
cerveja artesanal de Brumadinho @ Nossa Fazendinha <a target_blank hrefhttp://t.co/j2jmzkB2of>http://t.co/j2jmzkB2of</a>,conhecimento
"Depois que você começa a tomar cerveja artesanal, as marcas populares parecem água.",comportamento
Cerveja boa. Beba com. Moderação. Se beber não dirija... http://fb.me/6OEEyVUn4,responsavel
RT @RogerLandmark1: Mantega trapalhão anuncia aumento de imposto de cerveja e cosmeticos. Toma pressao de empresários e recua.,economia
Moral da história: não beba 6 litros de cerveja em 20 minutos. RT @JornalOGlobo Homem morre após beber 6 litros de cerveja em 20 minutos.,saude
Absurdo!! Substância encontrada na produção da cerveja polui água do Parnaíba <a target_blank hrefhttp://t.co/5niqCknemN>http://t.co/5niqCknemN</a>,ambiente
"Beer Runners, um movimento que mistura corrida de rua com cerveja. <a target_blank hrefhttp://t.co/GuTrJXsv>http://t.co/GuTrJXsv</a>",comportamento
"O carnaval de vcs vai ser igual corrida da cerveja, a cada passo, 3 conhecidos.",comportamento
"Comecei o curso na  Academia Sociedade da Cerveja, agora sim curso para ser cervejeira.",conhecimento
"RT @VoceNaoSabiaQ: Cerveja faz bem para os ossos e pode ajudar na prevenção da osteoporose, diz estudo espanhol.",saude
Lustre de cerveja :) @ Cervejaria Munique <a target_blank hrefhttp://t.co/QTFyN7hq>http://t.co/QTFyN7hq</a>,ambiente
"@giannetti @Salon Consumida moderadamente, cerveja (vinho tb) não faz mal. 1 bom cheeseburguer de vez em qdo idem.",responsavel
"RT @g1: Com alta do imposto sobre cerveja, bares podem demitir após a Copa <a target_blank hrefhttp://t.co/Y6ZaCkmUic>http://t.co/Y6ZaCkmUic</a>",economia
"tinha um trabalho pra fazer, eu fiz sobre a festa oktoberfest só por causa da cerveja",comportamento
Felizmente não tem bafômetro no ENEM :D RT @g1 Candidato aposta em cerveja para ir bem no Enem http://glo.bo/10M0rSQ  ,responsavel
Via @AyresMarcus_ - Como Faze Degustação de Cerveja <a target_blank hrefhttp://t.co/PRHGCQuE>http://t.co/PRHGCQuE</a> #bam,conhecimento
"@deanstrips @thismolder @ollgsomeday @scotsmccalls @eaijb @cadeanina @piecejustin q eu preocupa com o meio ambiente, que n bebe nem cerveja+",ambiente
"RT @mucaoaovivo: Globo: Cerveja após exercícios hidrata mais do que água, aponta estudo. - Esse é o tipo de estudo que eu levo a sério.",saude
"Uma cerveja não desvia os sentidos de ninguém..Isso de o bafômetro pegar até o álcool do Listerine, aí já é exagero.",responsavel
Má notícia das emissões em Resíduos: 64% dos gases de efeito estufa vindos do esgoto industrial vem da produção de cerveja #seminarioseeg,ambiente
"RT @italoarcos: Quer ver jogo sentado? Vê na sua TV e led com tecnologia HD, com cerveja importada e picanha maturada. Sério, é muito mais prazeroso.",comportamento
"RT @giuhenne: Não importa qual dieta tá fazendo, você nunca, em hipótese alguma, deve cortar a cerveja.",saude
@MarceloTas q tal vcs acabarem com a propaganda de cerveja na tv assim como foi feito o cigarro ? Ou prejudica a receita do programa ?,comportamento
Você sabia? A Ambev já treinou mais de 100 mil parceiros para o consumo responsável. Cerveja não é para menor de... http://fb.me/3WeFBAv1u,responsavel
uma pesquisa explicando porque heineken é a cerveja favorita das pessoas que fotografam as próprias cervejas,comportamento
"RT @O_Raul: sabe nada, Bri RT @entojo: pra ser sommelier de cerveja basta falar 3 vezes bem rápido papilas gustativas retrogosto aftertaste",conhecimento
RT @JornalOGlobo: Produção de cerveja se recupera às vésperas do carnaval. <a target_blank hrefhttp://t.co/2YXFu15FnM>http://t.co/2YXFu15FnM</a>,economia
O que eh que adianta ta de dieta e tomar cerveja.??? Mesmo que Bosta .! (y,saude
"RT @ze_rafael69: Oktoberfest é a segunda maior festa de cerveja do mundo, só perde pro meu aniversário aqui",comportamento
"RT @CuriosoSite: Segundo estudo espanhol, a cerveja faz bem para os ossos e pode ajudar na prevenção de osteoporose.  #OCurioso",saude
LEI SECA SEM VISTORIA PENTE FINO NOS AUTOMÓVEIS NUNCA FUNCIONARÁ.O BAFÔMETRO NÃO DETECTA QUANTIDADE DE CAIXAS DE CERVEJA EM LATA NOS CARROS.,responsavel
Degustação de cervejas em SP: <a target_blank hrefhttp://t.co/lsccT8qL8r>http://t.co/lsccT8qL8r</a>,conhecimento
cerveja faz bem a saúde !! <a target_blank hrefhttp://t.co/W9o4DIL3>http://t.co/W9o4DIL3</a>,saude
Reciclagem divertida! Olha só o que um artista japonês fez com algumas latas de cerveja e refrigerante: http://ow.ly/i3DhM,ambiente
Médico ensina a incluir cerveja na dieta saudável. <a target_blank hrefhttp://t.co/JIKtXcgQ>http://t.co/JIKtXcgQ</a> #saúde,saude
Harmonização para degustação de cerveja   @ Casa da Cerveja <a target_blank hrefhttp://t.co/3bBXkQNo>http://t.co/3bBXkQNo</a>,conhecimento
"Ah, tentaram mas roubaram a casa inteira p/ vender na reciclagem...",ambiente
Cerveja brasileira vai ganhar novo padrão de produção - mobile.br.msn.com,conhecimento
Delegado do ES recusa bafômetro é multado e diz que bebeu 1 cerveja <a target_blank hrefhttp://t.co/NCMO7xDQ>http://t.co/NCMO7xDQ</a>,responsavel
Estudo verificou que a cerveja deixa os homens mais inteligentes porque ativa os mecanismos criativos do cérebro. AAAH MLK! fudeu,saude
"Não podia estar frio, queria sair pra tomar uma cerveja moderadamente, só pra apreciar mesmo",responsavel
"@CancerJack tenho uma aqui, não bebi ainda. Você já fez / pensa em fazer curso de fabricação de cerveja?",conhecimento
hj é dia de beber cerveja moderadamente na frente dos parente e fingir q nao sou 01 bebada na vida real,responsavel
RT @brasilbrau: Cervejaria oferece arte em troca de lixo! Saiba como funciona: <a target_blank hrefhttp://t.co/iMyqfusYYA.>http://t.co/iMyqfusYYA.</a>,ambiente
RT @MarceloTas: Dilma tunga turma do boteco RT @JornalOGlobo: Imposto sobre cerveja pode subir para compensar socorro de R$ 12 bi ao setor ?,economia
Japonesa Kirin planeja aumentar sua produção de cerveja no Brasil <a target_blank hrefhttp://t.co/C0W0YmHgau>http://t.co/C0W0YmHgau</a>,economia
Cervejaria artesanal em fazenda com área de preservação natural aposta na sustentabilidade. http://glo.bo/1w9pZoQ  ,ambiente
RT @VEJA: Equipe brasileira vai estudar possíveis benefícios da cerveja <a target_blank hrefhttp://t.co/U5OD9DL8jz>http://t.co/U5OD9DL8jz</a>,saude
Cervejaria usa cerveja como combustível para produzir a bebida <a target_blank hrefhttp://t.co/h9kZepdn>http://t.co/h9kZepdn</a>,ambiente
concordo RT @howtofruit Melhor beber cerveja c os amigos e manter o tempo na corrida do q diminuir tempo e comer banana sozinha. HAHAHAHA,comportamento
"Tipo o imposto cobrado na cerveja, algo abusivo, a copa deveria ser no Brasil quando a cerveja tiver um preço justo",economia
"ah reciclagem eu tambem juntava, eu sempre catava as latinha de cerveja, guaraná pra mim pq era o que mais dava dinheiro kkkkkkkkk",ambiente
Feira da Providencia terá degustação de cerveja <a target_blank hrefhttp://t.co/m5Mu9f6R39>http://t.co/m5Mu9f6R39</a>,conhecimento
Cerveja e instrumentos musicais não deviam ter imposto,economia
"no Sul, a Oktoberfest é com cerveja sem álcool: que mundo é esse que deixaremos para os nossos filhos, meu deus?!",comportamento
"Estudo mostra que o solo dos oceanos está repleto de lixo de vários tipos, inclusive latinhas de cerveja http://bit.ly/1yT96ON",ambiente
[@Homini_lupulo] Conheça o curso On Tap <a target_blank hrefhttp://t.co/cgWjtF87jn>http://t.co/cgWjtF87jn</a>,conhecimento
Idade mental: participante da corrida da cerveja.,comportamento
Indo pra uma degustação de cervejas com meu sogro e depois atacar no Mostarda Bar E Cia as 21h00... \o/\o/\o/,conhecimento
Sustentabilidade é comprar cerveja e vender a lata para comprar mais cerveja. Salve o ecologista!,ambiente
RT @interessante: Estudo comprova que cerveja é a bebida favorita dos homens. #MUITOinteressante,comportamento
Quer ser papai? Beba cerveja moderadamente!,responsavel
Fotos do mural - Policia aumenta tolerância no bafômetro para um copo de cerveja...Me arruma um copo desses hehehe Gostou Compartilha...,responsavel
Quer fazer degustação da Founders? Liga na Sublime e garanta sua vaga!,conhecimento
Começando bem a semana: estudo indica que beber cerveja diariamente faz bem pra saúde. EU JÁ SABIIIAAA!! :D,saude
Empresa criada por estudantes da Unicamp cria a primeira cerveja com formigas http://bit.ly/1eQqVZ7,ambiente
"Produção brasileira de cerveja sobe 14,8% em maio - Ultimoinstante <a target_blank hrefhttp://t.co/Brnt7mM2kO>http://t.co/Brnt7mM2kO</a>",economia
"Com tropeiro, pão de queijo e cerveja artesanal, BH vê Copa como sucesso <a target_blank hrefhttp://t.co/PzJecayS5i>http://t.co/PzJecayS5i</a>",comportamento
RT @revistasuper: Entenda como a descoberta da cerveja mudou a história do mundo <a target_blank hrefhttp://t.co/D8xgjQHG>http://t.co/D8xgjQHG</a>,conhecimento
Aumenta número de fabricantes de cerveja artesanal - share.liquidplatform.com,economia
E neste domingo vamos de Budweiser! Saúde! #cerveja <a target_blank hrefhttp://t.co/JFPWBltSOn>http://t.co/JFPWBltSOn</a>,comportamento
SÁBADO 7 DEZ VAI ROLAR A NOITE DA RECICLAGEM 3 LATAS VAZIAS DE CERVEJA VALE 1 CHEIA PROMOÇÃO ROLANDO A NOITE TODA... http://fb.me/1SszOjKxU,ambiente
Cheguei ao site! Tomar uma Cerveja sem álcool! Bom q bafômetro não pega! Nem a ressaca!,responsavel
"Estresse é menor em quem toma cerveja, aponta estudo. <a target_blank hrefhttp://t.co/T9ELLBpS>http://t.co/T9ELLBpS</a>",saude
"achaça o @ptbrasil e a @dilmabr nao aumenta p desgraça do lula n pagar imposto, cerveja a bebida do brasileiro aumenta a cambada de misera",economia
RT @FactBR: A cerveja traz mais benefícios à saúde que a água.,saude
Sustentabilidade... Cerveja artesanal saindo da mata http://glo.bo/1w9pZoQ,ambiente
Venda de cerveja artesanal deve crescer 80% no Paraná <a target_blank hrefhttp://t.co/lbdBFuawvz>http://t.co/lbdBFuawvz</a> (via @andreatibi),economia
RT @urublog: Tradição que se manteve no novo Maracanã: a cerveja sem alcool continua uma merda!,comportamento
"Por mim, coisas como cerveja e refrigerante deveriam ter tributação em alta.",economia
"Mesmo após uma explosão nuclear, a cerveja ainda é potável, confirma estudo. <a target_blank hrefhttp://t.co/pEdZV57hhS>http://t.co/pEdZV57hhS</a>",saude
Tomar cerveja com os amigos faz bem a saúde mental <a target_blank hrefhttp://t.co/fqCPBbSLL7>http://t.co/fqCPBbSLL7</a>,saude
Festival Brasileiro da Cerveja 2013 - Dias 3 e 4,comportamento
@Dortmundbier e sua cerveja sustentável <3,ambiente
"Fotos da Linha do tempo - Vai ai Marcilio Tozei ? - Chegou a Edelbrau Pale Ale, da Cervejaria Edelbrau!",conhecimento
Imposto sobre cerveja pode subir para evitar apagão por Brejas:  <a target_blank hrefhttp://t.co/nuv0t3lMEL>http://t.co/nuv0t3lMEL</a>,economia
"@PensadorDeBar: Se vai ter Copa, eu não sei. Mas estou esperado trazerem minha cerveja.Vc protesto NA AMBEV o aumento do imposto e cancel",economia
HUSHHSUHSUHSHAU fui tirar foto com a cerveja lá no bafometro o policia me deu um esporro,responsavel
Nova Schin  apresenta fábrica de cerveja <a target_blank hrefhttp://t.co/84rOmamAhK>http://t.co/84rOmamAhK</a>,economia
"Cerveja faz bem pra pele e pro cabelo, aponta estudo.",saude
"Cerveja importada Litro, venha degustar essas maravilhas! <a target_blank hrefhttp://t.co/Z5drRCSzEh>http://t.co/Z5drRCSzEh</a>",conhecimento
"Açai, Cumaru e Priprioca são os próximos lançamentos da @AmazonBeer, a cerveja artesanal inspirada nos aromas e sabores da Amazônia.?",conhecimento
Acabei de chegar!! Fui pra corrida da cerveja e depois pro empório hahaha,comportamento
"Transforme as garrafas de vinho e cerveja em lindo arranjos de flores! ,) #decoração #sustentabilidade ",ambiente
"CERVEJA LIBERADA, MODERADAMENTE!!!! ",responsavel
RT @Poteusso: Pra terem ideia da MERDA q o mundo ta virando Competição de chopp em metro da Oktoberfest 2013 será com cerveja sem álcool .?,comportamento
@pressecomunica Cervejaria Bierland recria cerveja do século XIX: <a target_blank hrefhttp://t.co/7vB34Sj9>http://t.co/7vB34Sj9</a>,conhecimento
Lei seca fora do estádio e cerveja dentro: as propostas dos clubes contra a violência http://bit.ly/1AdXHsC  #futebol ,responsavel
"Heineken defende que os consumidores bebam moderadamente, e paguem um tantinho  a mais por uma cerveja premium #hubforumsp",responsavel
Camiseta Reciclagem Cerveja - Loja de Estilo <a target_blank hrefhttp://t.co/sG2lxQqMKW>http://t.co/sG2lxQqMKW</a>,ambiente
"No lugar de se preocupar com a reciclagem de garrafa PET, troque o refrigerante pela cerveja em garrafa de vidro... http://fb.me/10z5QmbNU",ambiente
Recicle as garrafas de cerveja e use como objeto decorativo! | #cerveja #reciclagem #sustentabilidade http://goo.gl/slJKL,ambiente
Quem é parceiro de começar um negócio de cerveja artesanal?,conhecimento
O @jornal_metroBSB quer saber: Pesquisa revela que brasileiros gostam mais de futebol e cerveja do que mulheres. Você concorda?,comportamento
Reciclagem & Criatividade Latas de cerveja e refrigerante viram arte!! http://fb.me/ZQefvY4T,ambiente
"RT @interessante: Cerveja deixa homens mais inteligentes, diz estudo. <a target_blank hrefhttp://t.co/LFVlWiWamU>http://t.co/LFVlWiWamU</a>",saude
Ações da Ambev recuam após dados de queda na produção de cerveja <a target_blank hrefhttp://t.co/FCKrhhhUHY>http://t.co/FCKrhhhUHY</a>,economia
"Eh segundo reportagem do Jornal Hoje, beber um copinho de cerveja e esperar meia hora te livra do bafômetro... O problema é parar em um copo...",responsavel
"RT @interessante: No caso de um holocausto nuclear, a cerveja não estragaria,  aponta pesquisa. #MUITOinteressante",saude
Receita de patê de cerveja para receber os amigos em casa <a target_blank hrefhttp://t.co/ZJzfp39ltq>http://t.co/ZJzfp39ltq</a>,conhecimento
"RT @_INFO: Cerveja da prazer ao cérebro, diz estudo <a target_blank hrefhttp://t.co/5ODsRrM6pS>http://t.co/5ODsRrM6pS</a>",saude
O Brasil quer saber: nossa cerveja é transgênica? - Meio Ambiente Brasil ,ambiente
"Fabrica de cerveja sendo instalada com iniciativa privada fica ali no Km 9 q bacana, gerando empregos e uma cerveja genuinamente amapaense",economia
Depois de muito estudo toma uma com os brothao!to chegandoooooo! #beer #cerveja #bar #weekend,comportamento
"Médicos que querem proibir a cerveja do meu convívio, leiam essa pesquisa... <a target_blank hrefhttp://t.co/fzAn7r06hp>http://t.co/fzAn7r06hp</a>",saude
"há um mês, desapeguei da coleção de garrafas de cerveja e mandei tudo para a reciclagem (um beijo, SAP).",ambiente
RT @pecesiqueira: O mesmo sujeito machão que reclama do café frescura e caro da starbucks é o cara que paga 20 reais numa cerveja artesanal.,comportamento
8 motivos que provam que seu corpo precisa de cerveja - Etilicos.com - Cerveja e seus benefícios para o corpo humano.,saude
"RT @mucaoaovivo: G1: Duas latas de cerveja por dia não deixam a barriga saliente, aponta pesquisa. - Precisamos disso: pesquisas sérias.",saude
São Paulo -&gt Virada Cultural com Cerveja Artesanal  <a target_blank hrefhttps://t.co/0pZgpl9p7b>https://t.co/0pZgpl9p7b</a>,comportamento
Beber cerveja faz bem à saúde - <a target_blank hrefhttp://t.co/5kkL73ekSX>http://t.co/5kkL73ekSX</a>,saude
"Num País que falam que a cerveja faz bem para a saúde e suplementos fazem mal pro coração,se espera algo bom?",saude
Fotos de Gastronomia Sustentavel Lotado - Para Geraldo Cortêz - Luminárias para bar de latinha de cerveja...,ambiente
Cerveja pra gente grande #01 ? Benefícios e Efeitos Fisiológicos <a target_blank hrefhttp://t.co/p24ncy6V>http://t.co/p24ncy6V</a> via @discorra,saude
RT @cervejaleuven: A cerveja na prevenção do câncer (excelente artigo!) <a target_blank hrefhttp://t.co/y2UKzUCD>http://t.co/y2UKzUCD</a>,saude
"Sommeliers  de Cerveja? Mazá, nem sabia que se dizia assim, achei que Sommelier fosse pra vinho, só",conhecimento
"Produção de cerveja teve queda de 1,8% no primeiro semestre <a target_blank hrefhttp://t.co/aaHHlOZJKH>http://t.co/aaHHlOZJKH</a>",economia
Pesquisa afirma que cerveja hidrata igual à água após o esporte. VISH,saude
"RT @lastsongforb: PROTESTO PELA DIMINUIÇÃO DO PREÇO DA CERVEJA. E mais investimentos na saúde, caso a gente pare no hospital.",economia
"só gosta de coisa chic só toma bebida importada,,eu q gosto de cerveja rabo de galo e caipirinha ...",comportamento
Que história é essa de garrafa de cerveja quadrada e #sustentável? Veja em <a target_blank hrefhttp://t.co/V2KxwVE0>http://t.co/V2KxwVE0</a>,ambiente
#oldbutgold: Sommelier de... <a target_blank hrefhttp://t.co/H46Pt6AHan>http://t.co/H46Pt6AHan</a>,conhecimento
Confira os oito bons motivos para beber cerveja moderadamente sem culpa! gnt.globo.com/bem-estar/materias/cerveja-faz-bem-para-a-saude-confira-8-bons-motivos-para-beber-sem-culpa.htm …,responsavel
"RT @peganomeue: LEI SECA. Blumenau lidera a lista de casos de embriaguez Com Oktoberfest, Sommerfest e Festival da Cerveja, os caras esperam o que?",responsavel
Beber cerveja moderadamente não dá barriga e pode fazer bem à saude. Ótima reportagem da @jumaciel: http://www.sbt.com.br/jornalismo/noticias/45954/Pesquisa-revela-que-cerveja-pode-fazer-bem-a-saude.html#.VFA3s_ldXzt …,responsavel
"Acredita? Pelo sim, pelo não, advogamos consumo moderado e responsável. http://fb.me/1OGQWmxlG",responsavel
"#maniadepobre Jogar latinha de cerveja pela janela do carro, Jogar lixo na rua, sujar as praias e depois reclamar de poluição ¬¬",ambiente
Reciclagem de fundo de latinha de cerveja <a target_blank hrefhttp://t.co/EY8z6ayM>http://t.co/EY8z6ayM</a>,ambiente
"#Dica8 juntem latinhas de refri,cerveja e vendam pro pessoal da reciclagem",ambiente
Produtores de cerveja artesanal montam fábricas no Sul de Minas <a target_blank hrefhttp://t.co/Rxc7MT27>http://t.co/Rxc7MT27</a>,economia
Receita: Frango na cerveja <a target_blank hrefhttp://t.co/vMrVc6Jt9G>http://t.co/vMrVc6Jt9G</a> #TeAmoArgentina,conhecimento
Estudo comprova que liberar a cerveja no escritório a partir das 15h30 de uma sexta-feira aumenta a produtividade da equipe em 479%.,comportamento
"Corrida da Cerveja"" gera enorme quantidade de lixo no Eixão Norte http://www.alo.com.br/noticias/ultimas/?IdNoticia=174641 … #alobrasilia""",ambiente
RT @ovidiota: PSDB entra com pedido judicial para fechar fábrica de cerveja <a target_blank hrefhttp://t.co/uuMH0ZJ33Y>http://t.co/uuMH0ZJ33Y</a>,economia
Estudo avaliará benefícios da cerveja para o coração - <a target_blank hrefhttp://t.co/HPyEx17N4E>http://t.co/HPyEx17N4E</a> #alobrasilia,saude
"Cerveja sem álcool aciona área do cérebro ligada ao vício, diz estudo <a target_blank hrefhttp://t.co/1l4H79DWz8>http://t.co/1l4H79DWz8</a>",saude
Os estudantes enfrentar um dilema de cerveja em reciclagem. The Boston Globe http://ow.ly/tbSA2,ambiente
Produção brasileira de cerveja tem a primeira queda em quatro anos: <a target_blank hrefhttp://t.co/ttbIJFTX6i>http://t.co/ttbIJFTX6i</a>,economia
Saiba qual é a relação entre a cerveja e a saúde da mulher <a target_blank hrefhttp://t.co/yQdJAMJm>http://t.co/yQdJAMJm</a>,saude
#BR #AMBV4 Consumidores processam cervejaria por acrescentar água na Budweiser. <a target_blank hrefhttp://t.co/T0rkQw9VKq>http://t.co/T0rkQw9VKq</a>,economia
RT @exame_noticias: Os países que mais produziram cerveja em 2012: Brasil aumentou levemente sua produção e manteve terceira posiç... http:?,economia
"Em Berlim, bar oferece degustação de cerveja a 4,10 euros conheça <a target_blank hrefhttp://t.co/PJdFn68Vxa>http://t.co/PJdFn68Vxa</a>",conhecimento
Sexta feira dia de tomar umas geladas mais beba cerveja com moderação #BoaSextaSDV,responsavel
.@morangui1 pra que curso superior ne?? RT@Estadao  Procura-se degustador de cerveja: funcionário será pago para beber e atestar qualidade,economia
"Se o aumento do imposto da cerveja for pequeno e o da importação, grande, tá provado que é eleitoreiro.",economia
Deviam fazer teste do bafômetro antes de entrarem nos estádios e proibir a venda de cerveja lá dentro. Tá na hora de radicalizar nos estádios também.,responsavel
"E não é verdade? RT @_INFO Cerveja da prazer ao cérebro, diz estudo <a target_blank hrefhttp://t.co/WwYnGNvvBY>http://t.co/WwYnGNvvBY</a>",saude
"Nova Lei Seca, nem meio copo de cerveja passa no bafômetro.  Tolerância Zero nas Rodovias",responsavel
"e aumenta o número de falidos RT @Estadao Alta da cerveja e outras bebidas ajuda a reduzir número de mortes, aponta estudo",responsavel
Sociedade da Cerveja (@ Centro Cultural Rio Verde - @ccrioverde w/ 2 others) <a target_blank hrefhttp://t.co/wJ7G7ex3pk>http://t.co/wJ7G7ex3pk</a>,comportamento
"RT @antonellonadal: Cerveja diminui em 31% os riscos de doenças cardíacas, aponta estudo.",saude
Unesp cria aguardente de bagaço de laranja e resíduos de cerveja - http://www.abanorte.com.br/noticias/unesp-cria-aguardente-de-bagaco-de-laranja-e-residuos-de-cerveja …,ambiente
Bebeu para esquecer? Saiba que alguns estudos sugerem que pessoas que bebem cerveja moderadamente apresentam... http://fb.me/6FI4e1HT7,responsavel
"Cervas Clube: Pipoca e cerveja, uma combinação boa para a saúde <a target_blank hrefhttp://t.co/rYgWdfsmnc>http://t.co/rYgWdfsmnc</a>",saude
"Curitiba recebe um dos maiores encontros cervejeiros, o BeerFest <a target_blank hrefhttp://t.co/15rpiJ8Q>http://t.co/15rpiJ8Q</a>",comportamento
All about AMAZING ... - reciclagem e arte feita com tanpinhas de cerveja..gosteiii - BASQUE CULINARY CENTER - HEINEKEN,ambiente
"Cerveja OK RT @revistaO2 Mirtilo e cerveja - Quer melhorar o seu desempenho na corrida? Então, inclua o fruto e a bebida em sua dieta",saude
"P: Onde você gostaria de morar?<br /> R: Em qualquer país onde educação, emprego e saúde fossem mais importantes que futebol, samba e cerveja.",comportamento
"Mais falsa que o beba com moderação"" das propagandas de cerveja""",responsavel
"RT @MaizaHyodo: Dps dizem que esse país não vai pra frente RT @Estadao: Produção de cerveja cresce 12,8% em fevereiro em comparação a 2013",economia
"@analepse @Raquel_dep Solteiros que consomem cerveja são mais felizes, aponta estudo da Universidade de Oh, Raio!",saude
"enquanto meus amigos marcam presença em altas party louca, eu marco em degustação de cerveja artesanal... To me sentindo meio velha.",conhecimento
Cerveja (Alcóol) - O Que Acontece QuandoVocê Bebe em Demasìa - Programa de Saúde. - Cerveja ( Alcóol).,responsavel
Aí a gente abre uma cerveja e a vida fica boa. Fica mesmo. Boa. Mas nos intimidam: beba com moderação.,responsavel
Fotos do mural - Delegado bebeu cerveja e se recusou a fazer o bafômetro em blitz <a target_blank hrefhttp://glo.bo/OIV14m>http://glo.bo/OIV14m</a>,responsavel
"RT @BebendoBem: #oldbutgold: Science of Beer Institute abre novas turmas para o Sommelier de Cerveja em Ribeirão Preto, Campinas e... http:?",conhecimento
"@cauegatto Já que elas são retornáveis e o dono do bar precisa devolvê-las pra fábrica de cerveja, ele precisa ter uma garantia.",ambiente
Sustentabilidade é isso aí... Usar a cestinha do banco laranja pra gelar sua cerveja... Hahahahaha http://fb.me/1PIZEX8Tk,ambiente
"O q o brasileiro merece? IMPOSTO. Hj o Governo subiu a tributação de cerveja, refrescos, águas e isotônicos. E pós Copa, + aumento! #Brasil",economia
"@heinekenbr <br /> Pq ai eu passei a saborear a cerveja nao somente beber poxa ela é pura de uma boa agua cervejeira,lupo,grits de milho,malte....",conhecimento
"Beba com respeito e moderação"" daqui a pouco vamos ter que bater continência pra cerveja""",responsavel
Cerveja quente nunca mais: Cooler aproveita energia solar para resfriar bebidas http://ciclovivo.com.br/noticia/cooler-aproveita-energia-solar-para-resfriar-bebidas … #tecnologia #sustentabilidade,ambiente
Brinco feito do fundo da lata de cerveja rs #reciclagem http://instagram.com/p/mDalEQAS5o/,ambiente
"Partiu @MalteeCia que no fim de semana tem curso de produção de cerveja caseira com o @AntonioBander! Se prepara, Macaé!",conhecimento
@itsneco Vc+cerveja+copa Não rima com estudo..kkkkkkkkkkk,comportamento
"Aos nossos governantes repensem sobre a lei seca, beber cerveja e saúde.",responsavel
E ai uma cervejaria anuncia em cartazes em SSA: Proibida a venda e consumo de cerveja para menores de 18 anos.  É? #BrasilBandalho,responsavel
"RT @poxaduduh: Imposto sobre cerveja é saída para subsídio da energia elétrica. <br /> ALÔ DILMA, ESQUECE ISSO, A GENTE BEBE NO ESCURO!!!!",economia
"@henriquesmaior @g1: Cerveja sem álcool aciona área do cérebro ligada ao vício, diz estudo",saude
"Só pra avisar novamente, a Dilma vai aumentar o imposto da cerveja pra bancar o prejuizo da energia. REPETINDO: AUMENTAR PREÇO DA CERVEJA.",economia
"@Estadao e na hora de parar na lei seca, pode dizer que bebeu cerveja sem álcool?",responsavel
Cerveja com baixo teor de imposto <a target_blank hrefhttp://t.co/CBhUs0rRsr>http://t.co/CBhUs0rRsr</a>,economia
Quando toma cerveja normal fica de boa agora quando toma uma importada fica bostando em todos os lugares e chamando pelo nome.,conhecimento
Confira programação semanal do projeto Sociedade da Cerveja <a target_blank hrefhttp://t.co/8e1NUp9KAi>http://t.co/8e1NUp9KAi</a>,comportamento
@SuperBock #Diadacerveja <a target_blank hrefhttp://t.co/Btbt6LnaJo>http://t.co/Btbt6LnaJo</a> - http://pbs.twimg.com/media/Bt6Sj1iCQAEX9x3.jpg,comportamento
"NÃO É JUSTO QUEM BEBE 2 , 3 LATAS DE CERVEJA SER PEGO NO BAFÔMETRO E TER QUE ARCAR COM TANTO PREJUÍZO",responsavel
Fotos da Linha do tempo - Cerveja é saúde... Cervejaria Wunder Bier - Cerveja e... SAÚDE!,conhecimento
"RT @pmjpEMLUR: #Carnaval2014JP Colabore com a reciclagem. Durante a folia, entregue as latinhas de cerveja e refrigerante para os catadores.",ambiente
"Definitivamente não sei beber moderadamente, bebo uma cerveja e já fico querendo outra e outra e outra, ai já viu né",responsavel
"Galera vive fazendo campanha sobre a lei seca, mas faz propaganda de cerveja no meio de uma transmissão de corrida de carro.",responsavel
"Cerveja com cana, só podia ser uma produção Mineira!<br /> <a target_blank hrefhttp://t.co/BDMEPk0A>http://t.co/BDMEPk0A</a>",conhecimento
Cerveja e transito .............eu vi caminhão e bati nele.<br />   fim da história motto passa bem  minha mão esta bixada quebrou...............,responsavel
"@BlogPageNFound: REVOLUÇÃO, REVOLUÇÃO! Cerveja após exercícios hidrata mais do que água, aponta estudo. Vamo encher o tanquinho!",saude
"Pança - Barriga de cerveja é um mito, sugere estudo feito na Espanha <a target_blank hrefhttp://t.co/PLvZw3JC>http://t.co/PLvZw3JC</a> via @portalR7",saude
Eu sempre soube que cerveja faz bem para a saúde.,saude
"@Johnnie_666 cara, em setembro vai ter um curso p/ fazer cerveja ali na UP... meu prof de quimica, ele dá aula d como fazer bera em blumenau",conhecimento
"? Para homens, basta sentir gosto de cerveja para querer mais, diz estudo  ? <a target_blank hrefhttp://t.co/4pPYY1t59H>http://t.co/4pPYY1t59H</a>",saude
"Uma cerveja artesanal, comida japonesa e uma sobremesa era tudo que eu precisava para hoje.",comportamento
RT @durvalmp: Alguémmmmmmmm!!!!!!!! Onde beber cerveja artesanal em NY???????? Melhor custo benefício????????,conhecimento
Benefícios da cerveja para beleza - 4 receitas caseiras com cerveja (...) <a target_blank hrefhttp://t.co/8OYBV9fSxY>http://t.co/8OYBV9fSxY</a>,saude
Consumo responsável por Cervejaria Ave Cesar:  <a target_blank hrefhttp://t.co/ZCylrmqnGl>http://t.co/ZCylrmqnGl</a>,responsavel
Produção de cerveja recua 2% em 2013 <a target_blank hrefhttp://t.co/oxvWOvIjyj>http://t.co/oxvWOvIjyj</a>,economia
"A cervejaria Guinness, de Portugal, abriu a candidatura para o cargo de profissional da cerveja - Mano, só por ser em Portugal...",economia
A cerveja que tão servindo no mineirão nem bafômetro acusa de tão aguada que tá!É mais fácil a pimenta do acarajé acusar alguma coisa,responsavel
Schultz ? A primaria Cerveja Artesanal produzida em Ponta Grossa. <a target_blank hrefhttp://t.co/giVQXNPFf1>http://t.co/giVQXNPFf1</a>,conhecimento
"Para compensar gastos com setor elétrico, governo pode aumentar imposto sobre a cerveja  <br /> TÃO DE ZOAS, SÓ PODE, VAI DA MORTE",economia
#cerveja #tupiniquim brasileira puro malte #fifa14 @tellesf5 aprendendo ?????,comportamento
RT @VoceNaoSabiaQ: A cerveja proporciona mais benefícios para a saúde do que a água.,saude
Fotos de Leandro Agiani Silva - Receita do peixe na cerveja. Vou fazer sábado,conhecimento
Como ler um review de cerveja e não ficar constrangido? Generosas notas de lúpulo dão o tom dessa Pale-Ale,conhecimento
Blogueiro influente de SP metido a sommelier de cerveja avisando de blitz da Lei Seca. Que coisa feia.,responsavel
Thammy Miranda diz que só bebeu uma lata de cerveja 5 horas antes de se recusar a fazer teste do bafômetro em blitz http://glo.bo/1FvublY,responsavel
"Cigarro ñ pode estar associado aos esportes, mas pq cerveja pode?De cada 10 jovens, 7 já se alcoolizaram. Min. da Saúde",responsavel
Fábrica dos EUA diz que produzirá cerveja de testículos de touro <a target_blank hrefhttp://t.co/rgqy12ve>http://t.co/rgqy12ve</a>,conhecimento
"O Ministério da Fazenda confirmou que a partir de hoje, 1º, haverá aumento da tributação sobre cerveja, água, isotônicos e refrigerantes.",economia
"Donos de Android bebem cerveja e os de iPhone preferem vinho, diz pesquisa <a target_blank hrefhttp://t.co/Sba9q61CP5>http://t.co/Sba9q61CP5</a>",comportamento
"Foda-se a cerveja que eu ia beber amanhã, amanhã eu vou é começar uma dieta que eu tava lendo aq! kkkkkk",saude
Pergunta pros noveleiros: todo ator de novela que faz cena bebendo cerveja e depois dirigindo fez o teste do bafômetro antes de sair do Projac?,responsavel
otos da Linha do tempo - 70% de imposto na cerveja. ABSURDO!! - www.brejas.com.br,economia
Começo pesquisando sobre chillers &gt acabo num blog de produção de cerveja caseira que usou um sistema homemade para gelar a ceva &gt ok.,conhecimento
"RT @SeuElvis: É verdade que o  Instagram da direito a um curso completo para tirar  fotos de gatos, asas de avião e cerveja importada?",comportamento
Empresa escandaliza ao usar farinha de baleia durante a fabricação de uma cerveja:  http://bit.ly/1lI2hdS,ambiente
A de hoje e dar uma banda d carro e tomar uma cerveja moderadamente,responsavel
Fazendo janta... Costela de boi na cerveja preta... Quem quiser depois passo a receita. Meu pai chega hj de viajem acho q vai passar bem!!,conhecimento
"A reciclagem de embalagem de cerveja pode gerar algo maravilhosa nas mãos da minha Lilica, Liane Moura. Já estão... http://fb.me/13TjIZfiW",ambiente
Mulher que bebe cerveja moderadamente e gosta de futebol é pra casar,responsavel
Meu carro tá um cheiro de cerveja tão grande que só de abrir a janela sou pego  no bafômetro,responsavel
mano tinha tanta latinha de cerveja/red bull/ice na mesa q eu tava q dava p montar uma industria de reciclagem,ambiente
Governo fará novo aumento na tributação da cerveja e refrigerante  @OGloboPolitica,economia
Profissionais da cerveja... às vezes o perigo à saúde é próximo. O álcool é o perigo. #ficaadica #consumoresponsável,responsavel
"Arquivos de dispositivos móveis - Nutrição, Saúde e Cerveja! Veja bem... #dicadramariana",saude
Produtores de cerveja artesanal na Serra comemoram redução do ICMS <a target_blank hrefhttp://t.co/Bg2eO3T8hE>http://t.co/Bg2eO3T8hE</a>,economia
"RT @portalR7: Conservante da cerveja pode ser um bom antigripal, diz estudo <a target_blank hrefhttp://t.co/8Pq0Ju9u>http://t.co/8Pq0Ju9u</a> #R7",saude
Que vida boa. Um cara acabou de passar de bicicleta e tomando cerveja. Depois tem acidente e não sabe o que.foi.,responsavel
Fotos da Linha do tempo - vo me manifesta a favor de menos imposto sobre a cerveja preciso beber mais mas ta muito caro <br />  - Já !!!,economia
Descobri na prática q cerveja pilsen congela mto mais rápido q cerveja pale ale,conhecimento
"Carnaval, Cervejas e Camarotes 2013",comportamento
"Com Haroldo e Marilia, almoço tudo de bom e cerveja artesanal com o futuro mestre Cervejeiro Marcio",conhecimento
Festa da Cerveja Artesanal e Caseira na Cervejaria Nacional  <a target_blank hrefhttp://t.co/7pFbabkW>http://t.co/7pFbabkW</a>,comportamento
E do cigarro também. RT @Moa_sep @DeividDemori E contra o aumento absurdo no imposto da cerveja....,economia
